Title,Url,Hatebu
Rubyで配列の要素の数値を計算する方法を現役エンジニアが解説【初心者向け】 | TechAcademyマガジン,https://techacademy.jp/magazine/20558,0
Rubyで日本語を含むスクリプトでエラーが起こるときの解決方法 | TechAcademyマガジン,https://techacademy.jp/magazine/19893,0
RubyでMechanizeを利用してWebスクレイピングする方法を現役エンジニアが解説【初心者向け】 | TechAcademyマガジン,https://techacademy.jp/magazine/19894,0
PHPで配列の値の重複をチェックする方法【初心者向け】 | TechAcademyマガジン,https://techacademy.jp/magazine/19678,0
独学でも！初心者に役立つLaravelの学習サイト12選 | TechAcademyマガジン,https://techacademy.jp/magazine/11551,32
業務効率が上がる！Google Apps Scriptとは【初心者向け】 | TechAcademyマガジン,https://techacademy.jp/magazine/19766,4
【2017年最新】徹底比較！PHPの人気フレームワークまとめ | TechAcademyマガジン,https://techacademy.jp/magazine/11697,8
事例から学ぶ！人工知能（AI）を種類別に解説【初心者向け】 | TechAcademyマガジン,https://techacademy.jp/magazine/17705,1
PHPでファイルをZIPファイルに圧縮する方法【初心者向け】 | TechAcademyマガジン,https://techacademy.jp/magazine/19673,0
PHPでpow()関数を使う方法【初心者向け】 | TechAcademyマガジン,https://techacademy.jp/magazine/19672,0
PHPで値に応じてcheckboxをcheckedにする方法【初心者向け】 | TechAcademyマガジン,https://techacademy.jp/magazine/19671,0
PHPでスクレイピングを行う方法【初心者向け】 | TechAcademyマガジン,https://techacademy.jp/magazine/19670,0
PHPの「値渡し」と「参照渡し」の使い方【初心者向け】 | TechAcademyマガジン,https://techacademy.jp/magazine/19669,0
基礎から学ぶ！入門向けScalaの学習サイト10選 | TechAcademyマガジン,https://techacademy.jp/magazine/19327,1
JavaScriptでnumberオブジェクトを使う方法【初心者向け】 | TechAcademyマガジン,https://techacademy.jp/magazine/15039,0
プログラミングに使える！フリーのテキストエディタ15選 | TechAcademyマガジン,https://techacademy.jp/magazine/986,25
初心者向け！機械学習を学ぶのにおすすめの本10選 | TechAcademyマガジン,https://techacademy.jp/magazine/17122,4
PHPでデータ型をキャストする方法をコードをもとに解説【初心者向け】 | TechAcademyマガジン,https://techacademy.jp/magazine/19679,0
Googleが開発したTensorflow（テンサーフロー）とは | TechAcademyマガジン,https://techacademy.jp/magazine/17425,18
